{
  "config": {
    "n_trials": 2000,
    "n_steps": 500,
    "n_trajectories": 20,
    "dt": 0.05
  },
  "best_params": {
    "Q_POS": 1.276634806141309,
    "Q_VEL": 0.7641516324850208,
    "KP": 7.9321432134338234,
    "KI": 0.005930393369777698,
    "KD": 0.21195241246446114
  },
  "best_metrics": {
    "mean_err_deg": 21.10603651657293,
    "median_err_deg": 3.767842483329365,
    "p95_err_deg": 129.7541085435775,
    "lock_pct": 63.95000000000001,
    "settle_frame": 26.55,
    "settle_time_s": 1.3275000000000003
  },
  "best_score": 97.06359078836168,
  "top_k": [
    {
      "trial": 1148,
      "params": {
        "Q_POS": 1.276634806141309,
        "Q_VEL": 0.7641516324850208,
        "KP": 7.9321432134338234,
        "KI": 0.005930393369777698,
        "KD": 0.21195241246446114
      },
      "metrics": {
        "mean_err_deg": 21.10603651657293,
        "median_err_deg": 3.767842483329365,
        "p95_err_deg": 129.7541085435775,
        "lock_pct": 63.95000000000001,
        "settle_frame": 26.55,
        "settle_time_s": 1.3275000000000003
      },
      "score": 97.06359078836168
    },
    {
      "trial": 817,
      "params": {
        "Q_POS": 0.021278675782254584,
        "Q_VEL": 2.822943451032986,
        "KP": 7.94974075458332,
        "KI": 0.06503917479374362,
        "KD": 0.32841166765693386
      },
      "metrics": {
        "mean_err_deg": 21.173066768395223,
        "median_err_deg": 3.7945043917810635,
        "p95_err_deg": 129.48948779686305,
        "lock_pct": 63.71,
        "settle_frame": 27.05,
        "settle_time_s": 1.3525000000000005
      },
      "score": 97.07531066682674
    },
    {
      "trial": 1589,
      "params": {
        "Q_POS": 0.22303482697334923,
        "Q_VEL": 0.6497250799272033,
        "KP": 7.873995865033198,
        "KI": 0.052067285689768775,
        "KD": 0.5943406412925295
      },
      "metrics": {
        "mean_err_deg": 21.17596964010587,
        "median_err_deg": 3.7558712805544845,
        "p95_err_deg": 129.4327531515988,
        "lock_pct": 63.46,
        "settle_frame": 29.25,
        "settle_time_s": 1.4625
      },
      "score": 97.14684621590527
    },
    {
      "trial": 1309,
      "params": {
        "Q_POS": 0.19599743075724552,
        "Q_VEL": 4.996313283341228,
        "KP": 7.9646415488385,
        "KI": 0.015423678655640172,
        "KD": 0.38579292978974855
      },
      "metrics": {
        "mean_err_deg": 21.189604703129138,
        "median_err_deg": 3.834708891402206,
        "p95_err_deg": 129.6364080118228,
        "lock_pct": 63.709999999999994,
        "settle_frame": 27.9,
        "settle_time_s": 1.395
      },
      "score": 97.17380870904053
    },
    {
      "trial": 391,
      "params": {
        "Q_POS": 1.0413351984865737,
        "Q_VEL": 4.121502913380746,
        "KP": 7.987392669912267,
        "KI": 0.029772294755562135,
        "KD": 0.53133376641251
      },
      "metrics": {
        "mean_err_deg": 21.179281966424796,
        "median_err_deg": 3.780077812538662,
        "p95_err_deg": 129.81332483256452,
        "lock_pct": 63.860000000000014,
        "settle_frame": 28.75,
        "settle_time_s": 1.4375
      },
      "score": 97.21544438270705
    },
    {
      "trial": 1857,
      "params": {
        "Q_POS": 0.10095842023991085,
        "Q_VEL": 5.461952280977582,
        "KP": 7.781504224678151,
        "KI": 0.0953626237748492,
        "KD": 0.20436661025087188
      },
      "metrics": {
        "mean_err_deg": 21.22553550826573,
        "median_err_deg": 3.8350201231113763,
        "p95_err_deg": 129.61325991767583,
        "lock_pct": 63.44000000000001,
        "settle_frame": 26.65,
        "settle_time_s": 1.3325000000000005
      },
      "score": 97.26666546710364
    },
    {
      "trial": 10,
      "params": {
        "Q_POS": 0.205135050271414,
        "Q_VEL": 1.6869369506652112,
        "KP": 7.918616866414583,
        "KI": 0.010204481074802808,
        "KD": 0.4968658365801859
      },
      "metrics": {
        "mean_err_deg": 21.199227809876813,
        "median_err_deg": 3.8342798533688955,
        "p95_err_deg": 129.52171271760824,
        "lock_pct": 63.17999999999999,
        "settle_frame": 28.6,
        "settle_time_s": 1.4300000000000002
      },
      "score": 97.29208416868094
    },
    {
      "trial": 652,
      "params": {
        "Q_POS": 0.9732460881539581,
        "Q_VEL": 2.5709307926159086,
        "KP": 7.789377181644888,
        "KI": 0.09870849034861487,
        "KD": 0.45184580247407613
      },
      "metrics": {
        "mean_err_deg": 21.215026445667224,
        "median_err_deg": 3.7739232757568124,
        "p95_err_deg": 129.77558575099084,
        "lock_pct": 63.589999999999996,
        "settle_frame": 28.2,
        "settle_time_s": 1.41
      },
      "score": 97.30781932116264
    },
    {
      "trial": 471,
      "params": {
        "Q_POS": 0.0557393132275077,
        "Q_VEL": 6.491227180284078,
        "KP": 7.82351082514297,
        "KI": 0.04498615339075788,
        "KD": 0.5315447521087149
      },
      "metrics": {
        "mean_err_deg": 21.256465903594314,
        "median_err_deg": 3.893558028706046,
        "p95_err_deg": 129.6184083685141,
        "lock_pct": 63.25999999999999,
        "settle_frame": 28.95,
        "settle_time_s": 1.4475
      },
      "score": 97.37717008785138
    },
    {
      "trial": 1114,
      "params": {
        "Q_POS": 0.06470242907106964,
        "Q_VEL": 1.9352864379471888,
        "KP": 7.754049691577396,
        "KI": 0.06902621570556147,
        "KD": 0.1487411182723524
      },
      "metrics": {
        "mean_err_deg": 21.223514134037327,
        "median_err_deg": 3.85432769294955,
        "p95_err_deg": 129.4641627522355,
        "lock_pct": 62.67,
        "settle_frame": 26.0,
        "settle_time_s": 1.3000000000000003
      },
      "score": 97.41459551015508
    }
  ]
}