{
  "config": {
    "n_trials": 800,
    "n_steps": 400,
    "n_trajectories": 5,
    "dt": 0.05
  },
  "best_params": {
    "Q_POS": 1.0413351984865737,
    "Q_VEL": 4.121502913380746,
    "KP": 7.987392669912267,
    "KI": 0.029772294755562135,
    "KD": 0.53133376641251
  },
  "best_metrics": {
    "mean_err_deg": 3.9864604187478285,
    "median_err_deg": 3.1733062469794944,
    "p95_err_deg": 10.217418181316036,
    "lock_pct": 76.8,
    "settle_frame": 28.8,
    "settle_time_s": 1.4400000000000002
  },
  "best_score": 16.343169509405847,
  "top_k": [
    {
      "trial": 391,
      "params": {
        "Q_POS": 1.0413351984865737,
        "Q_VEL": 4.121502913380746,
        "KP": 7.987392669912267,
        "KI": 0.029772294755562135,
        "KD": 0.53133376641251
      },
      "metrics": {
        "mean_err_deg": 3.9864604187478285,
        "median_err_deg": 3.1733062469794944,
        "p95_err_deg": 10.217418181316036,
        "lock_pct": 76.8,
        "settle_frame": 28.8,
        "settle_time_s": 1.4400000000000002
      },
      "score": 16.343169509405847
    },
    {
      "trial": 652,
      "params": {
        "Q_POS": 0.9732460881539581,
        "Q_VEL": 2.5709307926159086,
        "KP": 7.789377181644888,
        "KI": 0.09870849034861487,
        "KD": 0.45184580247407613
      },
      "metrics": {
        "mean_err_deg": 4.041310043254907,
        "median_err_deg": 3.2461460068573396,
        "p95_err_deg": 10.460323971332608,
        "lock_pct": 76.5,
        "settle_frame": 28.4,
        "settle_time_s": 1.4200000000000004
      },
      "score": 16.60547202892121
    },
    {
      "trial": 471,
      "params": {
        "Q_POS": 0.0557393132275077,
        "Q_VEL": 6.491227180284078,
        "KP": 7.82351082514297,
        "KI": 0.04498615339075788,
        "KD": 0.5315447521087149
      },
      "metrics": {
        "mean_err_deg": 4.071017676777133,
        "median_err_deg": 3.239505518969871,
        "p95_err_deg": 10.555616259471076,
        "lock_pct": 76.5,
        "settle_frame": 29.0,
        "settle_time_s": 1.4500000000000002
      },
      "score": 16.68882580651267
    },
    {
      "trial": 10,
      "params": {
        "Q_POS": 0.205135050271414,
        "Q_VEL": 1.6869369506652112,
        "KP": 7.918616866414583,
        "KI": 0.010204481074802808,
        "KD": 0.4968658365801859
      },
      "metrics": {
        "mean_err_deg": 4.033616612212024,
        "median_err_deg": 3.1963524925664224,
        "p95_err_deg": 10.42580182818297,
        "lock_pct": 76.15,
        "settle_frame": 28.8,
        "settle_time_s": 1.4400000000000002
      },
      "score": 16.689517526303508
    },
    {
      "trial": 378,
      "params": {
        "Q_POS": 0.7573738465378713,
        "Q_VEL": 2.692082384118992,
        "KP": 7.702419804134946,
        "KI": 0.07088828992608413,
        "KD": 0.31422786881695086
      },
      "metrics": {
        "mean_err_deg": 4.0756375505098275,
        "median_err_deg": 3.271825620440249,
        "p95_err_deg": 10.641967308254799,
        "lock_pct": 76.05,
        "settle_frame": 27.2,
        "settle_time_s": 1.36
      },
      "score": 16.85362120463723
    },
    {
      "trial": 360,
      "params": {
        "Q_POS": 0.18136291957497855,
        "Q_VEL": 1.1285476072409757,
        "KP": 7.777430737633561,
        "KI": 0.022619630084200638,
        "KD": 0.12990265537387877
      },
      "metrics": {
        "mean_err_deg": 4.0428574340863275,
        "median_err_deg": 3.227902545797086,
        "p95_err_deg": 10.666955309226996,
        "lock_pct": 75.7,
        "settle_frame": 26.0,
        "settle_time_s": 1.3
      },
      "score": 16.926335088699826
    },
    {
      "trial": 494,
      "params": {
        "Q_POS": 0.023465936862299416,
        "Q_VEL": 1.7930143003738783,
        "KP": 7.767164206904402,
        "KI": 0.05347081744165934,
        "KD": 0.14676760325666666
      },
      "metrics": {
        "mean_err_deg": 4.052054602406512,
        "median_err_deg": 3.252731245824684,
        "p95_err_deg": 10.712106719901136,
        "lock_pct": 75.55,
        "settle_frame": 26.0,
        "settle_time_s": 1.3
      },
      "score": 17.00310796235708
    },
    {
      "trial": 122,
      "params": {
        "Q_POS": 0.1123222936840915,
        "Q_VEL": 1.2744807007705905,
        "KP": 7.793455855171843,
        "KI": 0.013343943174560403,
        "KD": 0.283927511038911
      },
      "metrics": {
        "mean_err_deg": 4.066996706120314,
        "median_err_deg": 3.2324801346271967,
        "p95_err_deg": 10.610914442297075,
        "lock_pct": 75.45,
        "settle_frame": 27.0,
        "settle_time_s": 1.35
      },
      "score": 17.00745392726885
    },
    {
      "trial": 453,
      "params": {
        "Q_POS": 0.6022022855392176,
        "Q_VEL": 1.5423070232965794,
        "KP": 7.741657231483491,
        "KI": 0.028351378229303437,
        "KD": 0.5998496825635107
      },
      "metrics": {
        "mean_err_deg": 4.121030923357585,
        "median_err_deg": 3.277640726716559,
        "p95_err_deg": 10.488328119243315,
        "lock_pct": 75.45,
        "settle_frame": 29.4,
        "settle_time_s": 1.4700000000000002
      },
      "score": 17.024194982979242
    },
    {
      "trial": 561,
      "params": {
        "Q_POS": 0.9900366643812966,
        "Q_VEL": 1.0468237454471894,
        "KP": 7.746241999847324,
        "KI": 0.036771261595328585,
        "KD": 0.6654122120272421
      },
      "metrics": {
        "mean_err_deg": 4.124146923659186,
        "median_err_deg": 3.2610249088548002,
        "p95_err_deg": 10.469808796234283,
        "lock_pct": 75.4,
        "settle_frame": 30.0,
        "settle_time_s": 1.5
      },
      "score": 17.039051321776327
    }
  ]
}